X_values,Y_values
0.0,0.99999994
0.04008016,0.7110223
0.08016032,0.06482948
0.12024048,-0.5221162
0.16032064,-0.7283754
0.2004008,-0.4942976
0.24048096,-0.016801527
0.28056112,0.39941567
0.32064128,0.52926767
0.36072144,0.3421188
